review_id,order_id,review_score,review_comment_title,review_comment_message,review_creation_date,review_answer_timestamp
6d06808638ec0701bccd70bc8d462c28,97d2f8fe76f2f253b8291e17b5383884,1,,"O produto não chegou no prazo estipulado e causou transtorno, pq programei a viagem de férias do meu filho, baseado no prazo. Moro na Bahia e ele em Cuiabá sozinho. Agora, a casa está vazia. ",2016-12-09 00:00:00,2016-12-19 14:10:43
2685a4800004a12ec09d27264ff1915f,5c973d2b4652e1dec15353b59339f3b4,5,,Recomendo a todos os clientes,2016-10-22 00:00:00,2016-10-26 17:47:19
d36219dfadc3a5b07ab66670d23915ad,22613579f7d11cc59c4347526fc3c79e,5,,"Acho que rastreando o produto devia ser melhor e mais preciso, mas no geral foi uma ótima experiência ",2016-10-19 00:00:00,2016-10-20 12:40:59
a36150969fe6bd09ed011dd78aeb0189,ef1b29b591d31d57c0d7337460dd83c9,1,,"Demora na entrega, detestei o atendimento e NUNCA mais compro. baratheon quando vendia por eles mesmos era bem melhor! ",2016-11-02 00:00:00,2016-11-03 12:04:24
2f17f8ffe35062ac9d76c4dde9c181eb,06d7e8a85f5cfef576c5303ed7d7f2e5,4,,"Entrega feita no prazo e produto em perfeitas condicoes
Parabens a equipe",2016-10-20 00:00:00,2016-10-20 21:56:45
0ed5802ea93f04e9bf2364c664dadbbd,96123b9ae5a9cdfd4efe5fe402a94675,1,,"Fornecedor targaryen me mandou um massageador completamente diferente do que comprei, de preço inferior e cheio de avaliações negativas. Ninguém erra mandando um superior né, curioso..Ou seja, n recomendo",2016-10-28 00:00:00,2016-11-01 18:44:47
06009761376fbf566833ebeaed5cad5c,64f5569ef96004a1e1137bdf28fd4c45,5,,"Ótimo vendedor, ótimo produto chegou no prazo certo eu recomendo",2016-11-01 00:00:00,2016-11-02 10:26:40
47a9e6e1a6807dc6ebcb3db41d09a60c,a041155864e5141116458291313b35c2,5,,,2016-10-26 00:00:00,2016-10-26 22:59:11
93eaa9fa0159c008eb11af3fff3b1338,84d8cb80e8228cbea6d970499c3ce3c3,5,,Produto original e lacrado. Nota 10.,2016-11-01 00:00:00,2016-11-01 22:05:17
57998f6fb9bff624291f11c44033bf57,03128233e78ed8ade6738f2043f4cf8d,4,,"Pela experiencia de compras no Mercado Livre, acho que a entrega via Correios poeria ser mais rápida(postagem).",2016-11-01 00:00:00,2016-11-02 23:07:34
7ebcbd71169c0b8b863dd503b9dca63c,80606b26965c5ed21e85a085e0667b63,5,,Satisfeita!,2016-11-19 00:00:00,2016-11-24 00:48:31
71e7648c5decbc8e841f8dc2be52e8cf,f7886facb594e65f0c41cdbb0583b560,5,,,2016-10-21 00:00:00,2016-10-23 23:34:41
95452206aa8abd78a57303bc16b736ed,a08d1f4b300c3d7ec52f5f9a74234eca,5,,Excelente...... SÓ faltou o manual do produto. Fora isso gostei muito.,2016-10-27 00:00:00,2016-10-28 10:03:06
66e993fb29cd3cd3914a7a2b9c366731,e4ccaabafa125b3b39a9331b0abced9d,5,,"Chegou bem antes do prazo, é o produto é de excelente qualidade! ",2016-11-01 00:00:00,2016-11-03 20:19:42
65128c95d2309170ba0cba5492047e06,d2d67121a09535b3a7b6a000e58d8625,3,,Achei um pouco demorado a entrega,2016-10-25 00:00:00,2016-11-12 21:28:56
49f695dffa457eaba90d388a5c37e942,e5215415bb6f76fe3b7cb68103a0d1c0,1,,"PRODUTO NÃO CHEGOU,E JÁ PASSOU O PRAZO DE ENTREGA",2016-10-09 00:00:00,2016-10-11 14:31:29
e40c852179d8d8068f524eff6a6effb6,1a2b0033f0b7a3116f00594ec5524344,4,,O produto chegou na minha cidade mas não na minha residência pois os correios são um órgão cheio de falhas com isso não levou até a minha casa tive o transtorno de ir buscar o objeto na sede mas próxi,2016-10-22 00:00:00,2016-10-22 20:00:34
9190e6754710d977b6bc3185688e3ffe,7d7bf3ee337c36ce012762da5f28f53a,1,,"Um absurdo um cliente se sujeitar a um prazo de entrega demasiadamente prolongado e ainda assim, não receber o produto.",2016-12-03 00:00:00,2016-12-06 14:46:16
ffe4b0eb9c831fb681f3606b8a2d4510,de1404a068c6c8c909897886a314bad7,5,,"Produto chegou bem embalado, e atendeu minhas expectativas.
Super recomendo!!
Parabéns Equipe baratheon.",2016-10-27 00:00:00,2016-10-30 00:27:55
d674c265c1b5c2cc34594ae6fbfee3a7,a8846701b9f3e21e64c9062ed3f4dfd7,5,,Foi ótimo chegou antes do prazo,2016-10-25 00:00:00,2016-10-27 13:26:50
af980ca9bafbc96e2fbb0576a76310a7,7cb5aaf8b7b7b439174c2e4efdf4c7a3,1,,"Paguei pelo produto e não recebi mas no sistema está como produto entregue em São Paulo e moro em Faxinla dos Guedes -SC. 
como assim ????
quero meu dinheiro devolta",2016-11-08 00:00:00,2016-11-08 10:01:52
eb0a5e66d996050334014587b1c8699c,04bc36cd51141e11c2cbbd188b6e47ca,5,,,2016-10-21 00:00:00,2016-10-22 00:14:57
de9f64e09412ae0a405eeaf126e4dd0d,966f96af9d189dc428ff04ebbca821b8,5,,"Produto excelente e prazo de entrega ótimo.
Recomendo.
Parabéns pela seriedade e compromisso.",2016-11-26 00:00:00,2016-11-28 12:50:21
8757f5e0a1f891b890039b0d95c321c8,4551b488487e6cfa31f9e35073d3c5d4,1,,"Fiquei muito chateada pois deixei de comprar de outro vendedor e depois de muitos dias recebi um email informando que o produto não poderia ser entregue, comprar e não receber é muito chato. ",2016-12-09 00:00:00,2016-12-09 11:16:13
d429df0b5f44f13b731c74ef28e7e6c8,b04bd4e0a1a21fef81b1f24f6fb81c08,5,,parabens pela atençao e eficiencia ,2016-10-25 00:00:00,2016-10-28 17:42:46
2d84d56571c0faa1650252595226d07a,a6475bb7a50387e3c665534e15bd40ac,1,,Espero mais de 3 meses para dizer não que tinha o produto! ,2016-12-01 00:00:00,2017-01-05 17:51:36
9d4df583085fec1900dfac4efd0b085a,2e32dea8a4d1ae5499a67674b387bc6a,1,,"comprei duas cortinas a malha pessima,lamentavel, uma esta em fase de devoluçao ,mas nao recomendo esse vendedormas gostaria de fazer a devoluçao das duas sem mais.aparecida",2016-10-28 00:00:00,2016-10-31 05:02:55
5d369f0070f24cb17ec69c8ae95b85c3,b88cd65e1d90bf6e185bf9b6f0b614cd,1,,Minha película de vidro veio quebrada e não veio junto com o celular. Tive que esperar muito tempo e não deu pra usar.,2016-10-25 00:00:00,2016-10-29 15:24:58
f96addf36d6a28a79c165d92ea17f361,e2ea01f68f92f0c55b08ca739af834b6,5,,,2016-10-28 00:00:00,2016-11-07 15:58:21
8e8cc3353ea9bd13e1450d8fa269d474,ed3d575bd3358123b063ee64cdecdef5,5,,Chego dentro do prazo tudo bem embalado,2016-10-18 00:00:00,2016-10-18 20:29:05
b2a3bd080217f589d4ddfe533ec7fb31,893dc49276696129a9bf6f2a9fe23e57,5,,,2016-11-04 00:00:00,2016-11-06 23:04:33
74515ea15719d4a06f557320b824c8b0,98750f114ae6088d04ea0d3cfe3f137f,5,,,2016-10-29 00:00:00,2016-10-31 20:16:28
d7486b4da781b9d7dc5484ce65868081,45973912e490866800c0aea8f63099c8,1,,Atrasos acontecem nenhuma empresa está livre de passar por algum problema de logística. Mas o fato de não comunicarem seu cliente final é vergonhoso. Até o Mercado Livre tem controle sobre atrasos!,2016-12-03 00:00:00,2016-12-05 10:33:35
da0cd4b04372ffaaed0bdb2852e8da0f,8e7ef380ad5ae407dffbe2f0826cae73,5,,Produto entregue antes do prazo,2016-10-21 00:00:00,2016-10-24 11:38:29
f9fe37d91c506b29a0b4d9107f667bde,65d1e226dfaeb8cdc42f665422522d14,1,,"O produto foi comprado em 10/10/2016, não chegou e agora recebo esta avaliação perguntando o que achei. 
Muito insatisfeita!",2016-11-09 00:00:00,2016-11-09 21:04:42
eea04af75e81c41d7ff59afecb666edb,92d731517f17c26f16182d45498c4c3d,1,,"Comprei dois mascotes do boneco Tom , das Olimpíadas e depois de quase dois meses essa empresa "" parceira "" mandou e mail dizendo que a compra foi cancelada !Paguei à vista , com boleto. Nunca mais",2016-11-18 00:00:00,2016-11-18 23:38:40
73a800e5d1c124670b154a46582477c7,de8f4a82099fe4fa6bcb8952ca51420f,5,,amei super recomendo chega muito rapido e em ótimo estado amei ,2016-12-16 00:00:00,2017-01-13 17:34:52
b2fc2fac36fdef519925b2f55a95d8e4,85841af0d94e5d0cd3a9c0e42e565b74,5,,,2016-10-18 00:00:00,2016-12-06 20:48:13
b212b7df25b4bd6fdc43df8e43c6ed3c,b0cfee6ce5503781be6004e0e31e4309,4,,Gostei chegou no prazo e o atendimento fui ótimo recomendo ,2016-11-30 00:00:00,2016-11-30 19:39:33
abd41883b42247d56967cfebfa2c831a,a241bea87dcdd0160ca94ebdba5bdbb9,5,,recomendo a todos os usuarios do site pois tudo foi conforme o combinado.,2016-10-19 00:00:00,2016-10-20 00:34:22
0aa8b628ffe8130e26b668f9f3a2f6ef,f7310018040436b01ab03f81b301b5de,1,,Realizei minha compra no dia 10/10 porém só chegou 1 produto sendo que paguei por 3 unidades MOP Spray. Estou muito insatisfeita inclusive com o atendimento.,2016-10-25 00:00:00,2016-10-31 16:21:14
c5a815f89971cd69e828bc8c2d992524,8d47519f5c9c42540b37bd3db0492878,1,,"Demora absurda na entrega do produto, isso é se eu vou recebeR ele né ",2016-11-08 00:00:00,2016-11-08 23:45:47
3388a00080894e49e5299e6880a149e0,05bfcf9e287cad216cadb8a850f8db5c,5,,DEMOROU 1 POUCO ...MAS CHEGOU CERTO....OBG,2016-11-08 00:00:00,2016-11-09 10:32:07
657654f17abc5a7ce8290f148efb3dd3,a41c8759fbe7aab36ea07e038b2d4465,3,,,2016-11-04 00:00:00,2016-11-04 23:45:17
dbf347b3a608b8550ee645b0f4e4dda9,f001655c8c646cd1b5185bbc2e7534f3,5,,"super recomendo, sempre uso esse perfume e gosto bastante.",2016-10-27 00:00:00,2016-10-28 01:19:59
580066f61102553a84525b7a5ebbb4a3,5226f1a731e8a1215da5e1bea64e2130,1,,"Me deram o prazo de 26 dias, para entrega, e restando 4, me informam que não seria possível, a entrega de meu produto.. Simplesmente ridículo.. ",2016-11-23 00:00:00,2016-11-26 02:30:52
7d58a5b4bc501c1ece8972fa04351be2,36989eb07a0de2d3d3129eea35553875,5,,"Chegou como esperado, nada a reclamar. Produto de qualidade e bem acondicionado.",2016-10-20 00:00:00,2016-10-21 01:50:25
a6123a3915b677fd524c6e334d334d26,1b2d622f7ebb8e65f7de3e389f052540,5,,"demora um pouco pra chegar , mas o produto é excelente",2016-10-28 00:00:00,2016-11-02 17:44:12
843acce35ffed0c646c20d64550db7ab,dd11631d8b02780b78bd97ec44a1ca8c,5,,Super recomendo; entregraram no tempo certo !,2016-11-05 00:00:00,2016-11-07 11:32:49
be38ead76ec3449b66af9b572add59e0,4fb7f38042d214ada4d81cc23d228cc8,5,,"Recomendo, porém, o prazo máximo de entrega é muito extenso, sendo um único ponto que deixa a desejar.",2016-11-17 00:00:00,2016-11-21 18:40:34
04b84feb08271e8c40cfd6fe82e2cdb8,8b160e3e272dcca4665850aae31ae6fd,5,,"Excelente material, recomendo. Chegou bem antes do prazo . ",2016-10-27 00:00:00,2016-10-27 20:35:59
d6bf917f19cd51622bf95a1e686a779e,7a7d2c889e27d93b2005462a8788e168,1,,,2016-11-01 00:00:00,2016-11-03 02:12:04
ee2a725b65382d6ba40b74c2142dcc89,bb9fd560a08ca7403789dedaca85da14,5,,,2016-11-06 00:00:00,2016-11-06 19:50:04
10360cbb383db4c9faef0538c7eb51d3,0c22166d9f7e5761e397affa5af438c7,5,,,2016-11-01 00:00:00,2016-11-03 10:58:51
e75346401b7cced62b4aa709ba3d0edb,5cb8558cbb7c0c2f00f43468579d3e3c,1,,"Não entregaram o produto e se recusaram a fornecer explicações sobre o motivo. Pedi maiores esclarecimentos, não obtive resposta. Pretendo resolver na justiça. Fui lesada! ",2016-12-07 00:00:00,2016-12-07 11:50:03
771ee053fb5f42c27d39f08b49ed5c2f,1b122a7be89622f672bb41380a83b69f,5,,"Chegou antes do esperado, tudo certinho",2016-12-03 00:00:00,2016-12-06 20:17:42
cfd1a90938ae22eb9738d386bf8cbe5b,89f586f0cbddc6428831c41c8c333c66,5,,,2016-12-04 00:00:00,2016-12-06 12:18:05
35166e4e735bdbc0d586522eaadbf563,cb29497c3782a76b57327c055d58b0e0,1,,,2016-10-30 00:00:00,2016-11-01 20:14:18
68527c158a36d2fd93c284664ccc6dcc,8c72f52f7655510c1ec81f3b9019c638,1,,"Pedi voltagem 110v 
enviaram 220v
não recomendo",2016-10-21 00:00:00,2016-10-30 18:43:13
24c08f393f2d716d30adbd58e9a6939c,59e7ca596664da0a459a145eb95cc9c5,1,,"Não recebi o meu produto e nem fui avisada da falta do item na loja.Quando entrei em contato,quase 1 mês depois,é que fiquei sabendo que o produto não seria entregue pois não havia mais em estoque. ",2016-10-27 00:00:00,2016-10-28 21:09:40
eb37b493f1df329bd53aca24032f9b77,5c5c9fde60ffb741545cf2608e8c12ca,4,,"Sei que esse não e o canal ideal, estou ha dias tentando realizar esse cancelamento e não estou conseguindo.
Recebi o produto, porém minha filha ganhou o mesmo produto do pai. Preciso cancelar.",2016-10-19 00:00:00,2016-10-19 15:35:52
bd5db39f8c74d5d01fe36048af498ed2,67adba02e0955286954975ea56f9d17f,4,,Produto entregue em ótimo estado e rápido ,2016-10-27 00:00:00,2016-10-27 20:15:18
5d81c62be8e72b14a0c9b208ffeb5d5d,6e0d2539e48e84296bae6290de41058c,5,,,2016-11-18 00:00:00,2016-11-19 10:01:20
94cd1042a721bd3cd16a0e2379c5a95f,d01f0aba52a4d7b2cca8d7623538a434,4,,muito bom gostei,2016-11-11 00:00:00,2016-11-11 23:15:08
2328414a50c82c2a786047421e6287d0,b157079a62d77688a0f66043aa1f0306,5,,"Excelente produto, chegou antes do prazo",2016-10-20 00:00:00,2016-10-21 18:07:23
0b637962a16eb130be75783b53f7fa6d,60856ac7677a70cd87ad25d9b34d051b,1,,produto não chegou não tive nenhuma resposta do vendedor ate hj a nota foi faturada no dia 4/11/2016 com previsao de chegada para dia 28/11/2016 ate agora nem produto e nem posiçao do venddedor,2016-11-30 00:00:00,2016-12-05 17:20:27
fc0ad46a8b1440ddc627bd67b62a5258,6460e331ee8f69c01f1423cca48d9991,4,,Demorou mas chegou,2016-11-25 00:00:00,2016-11-28 11:36:38
f3002484bca14929da6f0210517ddd84,39d0be719247e3b3a38846ba810197ea,5,,"Produto bem embalado, novo, do modelo q pedi.",2016-11-08 00:00:00,2016-11-09 14:31:04
f837bc2ce327c43a4a00f1c8d44fb3fe,ddaec6fff982b13e7e048b627a11d6da,1,,"Nunca chegou o produto, deram uma excusa e trocaram o valor porcum vale.",2016-11-20 00:00:00,2016-11-20 12:49:39
c429ba5b6d46f7f5e4b9b080ddb72939,4723d255a158f5b6c5a872264e3529c5,5,,,2016-10-22 00:00:00,2016-10-25 10:31:48
f834b477f8ef44384df782b2318005ea,2f9d4ee8ca77fe0951ebfe9064cad953,5,,"Chegou tudo nos conformes,dentro do prazo e de excelente qualidade as pulseiras,recomendo.",2016-10-30 00:00:00,2016-11-01 16:48:31
033baa4238fcac803931108093d2456a,2fd1c83dd4714cf3cf796fffb6c8de62,1,,Prazo não foi cumprido ... até hoje não chegou :( primeira vez que tenho problema com entrega.,2016-12-01 00:00:00,2016-12-03 09:21:38
6853217151251a79c09aa41d8e551ba8,bd726a1bcd046edd7019cee8a66245f7,5,,"O produto foi entregue rápido do jeito que eu escolhi muito bom o site
",2016-10-21 00:00:00,2016-10-23 23:35:51
92a8ee9e8694c9d013b18a6b3a7f21dc,63638a6806d67773f3adba8534553fff,5,,Compro e recomendo.,2016-11-26 00:00:00,2016-11-29 13:58:01
19bede7c5c1b2ef2b85f4ba698c1cf54,bd50a7fe9fd97ea4b7663031a319e150,5,,Recebi antes do prazo. Tudo chegou corretamente. Excelente lojista. Produto de qualidade.,2016-12-29 00:00:00,2016-12-30 11:52:57
f24e1946d658c13928818f1a73b6d899,b19169c7cb8391fb8561e094d61c531a,5,,"Excelente produto.
Obrigada",2016-10-27 00:00:00,2016-10-28 12:21:53
17bc0bc3207616ee37afd4a39b10054a,2ce9683175cdab7d1c95bcbb3e36f478,1,,"meu produto não chegou ,prazo de entrega de 34 dias e mesmo assim nao foi entregue ,não recomendo",2016-11-27 00:00:00,2016-12-04 00:03:47
efef5a00aac989951350619e06681dcb,ac2b7c522d811acba0aa270ed3e112e4,1,,"Loja lixo, entregaram produto errado, mandei email pro stark reclamando, nem obtive resposta, bela consideraçao por um cliente de tantos anos, qro ver o valor na minha fatura, ja q sao diferentes!",2016-10-22 00:00:00,2016-10-24 23:33:19
41ed8254635784cbc62d612c5ededecc,35b8e54d765e6b217e2dc5ab34f6b323,1,,"O Fornecedor entrou em contato mas não deu nenhuma solução nem prazo de entrega, não se responsabilizou pelo atraso, colocou a culpa em uma empresa terceira, apenas comprei e quero receber.",2016-12-03 00:00:00,2016-12-03 12:08:14
26cd23041b56b17585d0e6c720443693,dc18a044b56ed174037ca164cdf2e921,1,,"Eu comprei o produto no mês de Outubro com a intenção de deixa lo instalado antes de eu viajar. Já viagei, retornei e até hoje não recebi o produto. ",2016-12-01 00:00:00,2016-12-01 10:39:57
06f88914dfe13c2ac14ad3479a880fca,4d66b3a9d12facad48a3b23cc9fe7898,5,,O produto chegou em perfeito estado e antes do prazo. Não tive nenhuma dor de cabeça! ,2016-10-18 00:00:00,2016-10-19 01:13:48
d6de9b9a11c919860b73e5b421d1ec46,6b5e619dedba6d4297fb10dd5886912f,4,,Recebi o produto na data programada. É fácil de montar e muito prático para pendurar roupas e sapatos. Só que aguenta uma quantidade pequena de roupas. ,2016-10-26 00:00:00,2016-10-28 21:42:42
3590167a693b2f2312743bc9a03a8d28,0a5d7e24850c68bf00d39bd62a9a45ee,5,,Tudo certo. Recomendo.,2016-10-28 00:00:00,2016-10-30 20:24:24
ca7077026f9092b0d08e03bd95d33f94,42c5091238dc63339c79f5f35f8a5a6b,1,,Envia p Ag.Correio não avisa e vence dt d retirada e pago frete? Ñ é área d risco Marica.Perdeu o cliente (1 pedido) .Após 30 dias avisam q não receberei a compra (2 pedido),2016-12-04 00:00:00,2016-12-13 08:15:10
2466124cf9255bf9e281efbf9064fac0,11837ac14fcdfb163c0b78d91be89498,4,,,2016-11-17 00:00:00,2016-11-20 23:30:03
63593aa97da5e0e27664cd382a30f372,9d664ec86be69d869bb6870294c4fdd8,4,,"gostei bastante, fiquei satisfeito",2016-11-01 00:00:00,2016-11-03 23:59:19
ba21b2a549144cd4f572c3da69785e25,517e0a52c193102990befc46a5c5245a,3,,"Chegou até antes do dia , gostei do produto e recomendo,espero que dure na mão da minha filha kkk",2016-10-19 00:00:00,2016-10-22 09:57:02
0ab319a49d9e72c13772ae6c70918872,640aef9709beda161ca0b5af58ac437c,3,,Recebi o produto dentro do prazo,2016-10-28 00:00:00,2016-10-29 11:59:08
ab125211266c7cb8542597fc230766a3,1069874467b6a425853288c450f68fc9,2,,"Entrega foi rápida , porém o produto de péssima qualidade, fino , não passou nem perto do que eu esperava , está certo que foi barato mas eu não pagaria nem 10,00.",2016-10-29 00:00:00,2016-10-29 19:56:37
38b7052e458c9d2f5f4e620a52df56ae,799dc0fd216e2a8e571a2684ddb6f940,1,,Não consegui obter informações sobre a entrega do produto,2016-12-25 00:00:00,2016-12-31 08:44:59
a47dfc75580e6f802c373d5783aa7ae8,1e8c2b738fde51956f03f1a59bc86003,4,,,2016-11-05 00:00:00,2016-11-07 11:05:22
b31b20d1366006aa90bcc8086f6bd7b9,82e4f033f60598903866557d89c9c042,4,,,2016-10-29 00:00:00,2016-11-01 14:24:38
7d02f4eb2feb119b854edcbabe18a44f,2c45c33d2f9cb8ff8b1c86cc28c11c30,1,,consta que meu pedido foi entregue mas nao chegou ha possibilidade de informar assinatura de quem recebeu no local???,2016-11-10 00:00:00,2016-11-16 20:44:19
a5bb3aa21e746eb38caa0fb1f251f5d9,f9c44da06151c190a9a6c9c712873d10,5,,Ótimo produto ,2016-10-19 00:00:00,2016-10-20 04:27:48
1edb1e0331873cc2085a59daa354a510,79ffdd52a918bbe867895a4b183d6457,1,,"Demorou quase um mes pra chegar.. E quando finalmente chegou, ele nao liga... ",2016-10-27 00:00:00,2016-11-10 13:15:14
8d58ce9a3daaddef44f4380348fc2f39,7254ba1421bac35de5d5da660715bf0e,5,,Nota 10 ,2016-10-29 00:00:00,2016-10-31 01:41:29
53752edb26544dd41c1209f582c9c589,b8b9d7046c083150cb5360b83a8ebb51,5,,O pedido foi entregue antes do prazo pr0metido,2016-10-16 01:00:00,2016-10-16 15:45:11
e33f11accd34b7184958cd9356340846,389815397a4bcdf3dcf64b90c25b3140,5,,,2016-10-23 00:00:00,2016-10-23 22:40:00
f1e5cd1574a6be811fc8e285ab492741,0d9664d8da1dc4337269071b39e19423,5,,Produto chegou antes do prazo determinado pelo site.,2016-10-28 00:00:00,2016-10-31 11:01:33
604097d05c7b80206fc808f6781ebfc4,f883e09a1fb01318052c6ab839efb34a,1,,"Produto não foi fabricado com toda atenção que deveria ter,parte do couro esta menor que a placa causando perda de qualidade do produto.Deve ter mais atenção do fabricante para não ocorer mais erros.",2016-10-29 00:00:00,2016-10-30 01:35:29
09f5dc93a5bff4ba95b2dbc09e3f9a27,ad1aeeb1a99c9f021e38a49865bb812c,5,,"Recebemos os produtos e já estão em operação.
Obrigado!!!",2016-10-27 00:00:00,2016-10-29 21:00:28
35fa5e7e3020710116f5ff6df38b2a59,1a47da1d66c70489c8e35fe2b5433ab7,5,,,2016-12-09 00:00:00,2016-12-09 11:25:52
522f795c7ef4117402ad81ca96942608,25f680bf746bec3df11d48318ff015de,5,,Produto conforme a descrição,2016-11-02 00:00:00,2016-11-07 12:17:00
8cc8ab89092a5907d2ce5250c63d3437,ca3b8093576a51bea61c9782c7771f62,3,,"Demorou para chegar mas, veio em ordem. Recomendo o vendedor mas , não tem pressa em receber.",2016-10-27 00:00:00,2016-10-31 19:24:28
040001387dba8164e025b9e919adc29b,91c96626f9e13b1b71a1f3e7ed52dd7a,5,,"Muito bom vendedor, produto chegou antes do prazo,excelente",2016-10-27 00:00:00,2016-10-31 00:54:26
a93139d9d1314158c080e3db7e79618b,e5fa5a7210941f7d56d0208e4e071d35,1,,"Comprei dois produtos desta loja parceira da lannister e nenhum foi entregue, ja faz Mais de dois meses e NEM Dao retorno ...",2016-10-29 00:00:00,2016-10-30 01:47:48
83a805ef45ce81ae25df400575e6430c,032cf17f7a713287e46999fddea6051b,1,,"Achei um absurdo o produto estar disponível no site, o pagamento autorizado e debitado no cartão e a entrega não realizada ""por divergência no estoque"" segundo e mail que recebi... ",2016-11-19 00:00:00,2016-11-21 12:31:30
d1dde8e5d73506c5e7ad18f271237dc3,ed90ba41c41da31da8e891ff43a584d1,5,,,2016-12-01 00:00:00,2016-12-05 11:52:39
eb5637aea3623f9186abce3d427148b8,1add1aa4c6e709fd74a4eb691a9fc6bc,3,,produto muito ruim não recomendo,2016-12-09 00:00:00,2016-12-09 11:59:59
9399c464901dcf9d6a40e6dde8ebdf59,770d331c84e5b214bd9dc70a10b829d0,1,,"o produto é falso, ridiculo!",2016-12-01 00:00:00,2016-12-19 20:08:30
f9f4399e58130cccaf3e366eecbce532,75fb23d26903b71ce3dd550ae22d2cc1,4,,,2016-10-25 00:00:00,2016-10-26 17:54:45
b13013b811c2325934e8e049683bdcf2,51725d3e4bdfc97e28b40543310da8a3,1,,"Paguei mais caro e esperei mais tempo pra receber escovas Dourada e Branca...

No fim das contas recebi 2 escovas ROSA.",2016-10-27 00:00:00,2016-10-31 09:55:13
3918306fc04f31c393a12070f6e66966,6e5fe7366a2e1bfbf3257dba0af1267f,1,,"Somente recebi as duas cortinas que faltaram, depois de abrir uma reckamacao junto ao Reclame Aqui. Nao indico e nao volto a comprar ",2016-12-08 00:00:00,2016-12-08 04:22:22
212e6ab2b4801ca707b950aa0207ff8a,cd3b8574c82b42fc8129f6d502690c3e,5,,,2016-10-19 00:00:00,2016-10-22 00:23:57
dd065231d3137dfcbfb56eb8ac9deef5,48c43415ea1c4af9afa92542183b6e55,3,,"gostei do produto, funciona bem. nao gostei de pagar o frete e ter que retirar na agencia do correio.",2016-11-02 00:00:00,2016-11-03 09:21:24
77bfe4bdc0cd1d42f8354ae9231897e3,98974b076b01553d49ee6467905675a7,1,,O prazo de entrega muito maior que concorrentes - mais de TRINTA DIAS,2016-11-18 00:00:00,2016-11-18 22:06:05
58530d17ffb83e5716e4d0a876d84244,f3f12fc90564a9b036680a887cd64668,3,,"Entrega muito demorada, apesar de não me atentar a isso quando fiz a compra, o prazo era de 30dias e mesmo assim ainda atrasou uma semana. A intenção era presentear minha filha no dia 12/10, não 01/11",2016-11-02 00:00:00,2016-11-05 02:33:46
21b6466c2fc39dee8e793652af06f9e9,985db56d4cabd2577d0960194dd2cd5a,5,,,2016-10-29 00:00:00,2016-10-29 23:50:50
132d7c47599263f5a0a604763bc6454b,12ca240539e7029e0328f0a410c12ad1,4,,,2016-10-25 00:00:00,2016-11-12 20:01:41
2fbf193d1cc24a781b5775a10ceb6ccb,df30f88407baa98218b16abe7032899a,5,,,2016-10-21 00:00:00,2016-10-22 04:09:29
8b8ec505c06d139a816146c9173e88fb,8729a8f7c27d03afe731463091711489,5,,Recebi o produto antes do prazo...,2016-11-02 00:00:00,2016-11-05 15:04:58
6916ca4502d6d3bfd39818759d55d536,bfbd0f9bdef84302105ad712db648a6c,1,,nao recebi o produto e nem resposta da empresa,2016-10-06 00:00:00,2016-10-07 18:32:28
0d53eac38f4797fcdadf26d7810dacb3,3d7d60b10ba4b43cf6f6d5df2e933f67,2,,"muito caro, e mesmo comprando mais itens, vai ficando mais caro...",2016-11-01 00:00:00,2016-11-03 19:59:43
b8ee78b3ced2f119b89b611a0efdba7b,f688669f48063536e082bb32d634cd46,1,,"Meu pedido consta como entregue, mas na verdade não foi. E a loja não respondeu meu questionamento sobre a não entrega.",2016-10-22 00:00:00,2016-10-26 11:21:05
34d62feeefaf60ef6ff7204af19fe109,71303d7e93b399f5bcd537d124c0bcfa,1,,,2016-10-27 00:00:00,2016-10-27 23:40:51
8ee14babdad4ad45c1188f8a93b58b14,f205336be829af209878b6339cf02c7e,5,,Chegou rápido e o produto é de boa qualidade. Recomendo.,2016-10-28 00:00:00,2016-10-29 00:09:15
4446f5d2181c7107b2386b9bce43be6a,f716dffba1232aaef7c899fb8c14db97,5,,,2016-10-19 00:00:00,2016-11-08 20:45:09
b2d5d8db2a841d27a72e4c06c6212368,9aa3197e4887919fde0307fc23601d7a,4,,Só chegou uma parte do pedido ate agora..,2016-10-15 00:00:00,2016-10-17 21:02:49
34dd203e003c764c0555194bb65fe72b,1ebeec1bb9ce388ee2e00d401058ca8b,5,,,2016-12-07 00:00:00,2016-12-11 13:22:58
f24e1946d658c13928818f1a73b6d899,c4f710df20f7d1500da1aef81a993f65,5,,"Excelente produto.
Obrigada",2016-10-27 00:00:00,2016-10-28 12:21:53
6ae2f4403d64910933b2fae18430a35f,d6e32818428593eefe8ffd7e15acb83e,4,,"A loja fez a sua parte qto ao prazo de entrega e entrega do produto, so acho q deveria avaliar a eficácia do produto antes de por a venda ...NÃO RECOMENDO O PRODUTO, não realiza o q é proposto.",2016-10-26 00:00:00,2016-10-27 18:44:02
ef470825ac59774ebaddb12dfecdbd6b,1c4deb98d216d2fda120204a5fcfb57d,4,,"estranhei porque comprei varios produtos e recebi em varios dias, todos picados, acho que devíamos ser informado disso",2016-11-01 00:00:00,2016-11-03 23:51:41
fae76806cdb052d20c72da714ae8d89c,b44d71edad65f41824d2e177470ef8f6,4,,"Muito satisfeito com a compra que fiz neste site, tudo ocorreu como combinado. Recomendo.",2016-10-26 00:00:00,2016-10-26 20:43:03
52ffad0c3ef77a4f368dbe61152d84d9,35d8c6d5e060ad24271ffda186312ef8,5,,,2016-10-26 00:00:00,2017-01-26 23:20:30
ed704537b44a3586eede2c0edfc707a3,6335afd8e6b7eb0ebc8bb71ea0008f6f,4,,otimo,2016-12-02 00:00:00,2016-12-05 03:17:45
693f18ad0dec798d100e7c56df7e991d,d2266b035a47467c40d174c6f55cf4dd,3,,,2016-10-25 00:00:00,2016-11-12 21:48:48
4885f49de11f4d4436d53678d88d7cf8,676157c2d1075c88ea0009f8d7d2d389,4,,,2016-11-10 00:00:00,2016-11-21 12:36:11
b39093a4bf4d82622b75d966864f1d04,3e9334d33c1e64167920675211fb1aee,3,,"Boa, porém Spotify não funciona, mostra opção de facebook e não entra. É um pouco lenta também!! ",2016-10-28 00:00:00,2016-10-30 20:57:26
3fedda7e6030edecbeeeebdaa5ff3ccc,dc91dbf7defabdf37c52672a989bad1b,4,,"a cama iglu é otima, minha cachorra adorou, ela é macia e confortavel",2016-10-27 00:00:00,2016-10-28 10:22:29
e3ed0be982ca28717f4d395f0f21ba46,b582532527260a8be949eac9f4d0ccff,5,,"Fiz uma compra tranquila, recebi emails sobre o andamento do produto, não houve nenhum atraso e meu produto chegou novinho embalado e bem antes do prazo.",2016-10-24 00:00:00,2016-10-24 15:24:44
aa507f2fe9aafcedc5b2589d704844a6,10d1e90a86d2be981a52b6a927c97dc5,5,,,2016-11-08 00:00:00,2016-11-16 01:58:07
ab0b54dd2bb2685c2001a3252ebeeef3,4b038a7f8dfc36755eca741381e379e3,3,,"o produto demorou MUITO PARA CHEGAro q NÃO É COMUM TRATANDO-SE DE lannister.COM já conheciaa escovae não entendo pq tem preços disparatados como os que paguei. R$ 128, R$50,00, R$55, etc+ frete.",2016-11-25 00:00:00,2016-11-26 21:22:37
19704c3e508bdc4933c5fd3f4d6604fc,8fe36dfd03ccfe3ed3d492c146705b9d,5,,,2016-10-19 00:00:00,2016-10-19 23:59:49
8f051411ebe431a0ef4bce88e0c74c08,d0fc18b01244d3a08b0fd12deede8201,4,,,2016-11-01 00:00:00,2017-01-17 09:06:37
517623f52b801129ac4b4c560d70635b,262118ce178bb3e4590a3adcf6d62e6b,1,,Não recebi o produto e até o momento não obtivemos retorno em relação a devolução da fatura e pagamento,2016-11-18 00:00:00,2016-12-19 11:24:05
1fa2f12657d0ab15d3b5b63108a6206b,3f913d30288c117e41ffe5cc74743dc9,3,,,2016-11-23 00:00:00,2016-12-01 17:16:13
6a91e35dd43fa13587108e698937cef8,bfd31c6f76ff82a41e7beb05565aec4d,1,,"Não sei quem foi a responsável pelo transtorno, mas mendiguei atenção sobre esse pedido. Tentei cancelá-lo inúmeras vezes. Espero a fatura do mês que vem para saber se realmente o cancelaram.",2016-12-16 00:00:00,2016-12-18 07:41:22
d05a436bdc88d550f356f43b1a6ada8a,acf83f0e8fb878cb25197344426ed10b,4,,Uma entrega antes do prazo e bem sucedida. ,2016-10-26 00:00:00,2016-10-27 11:01:03
2961357aed5485e126a05fc91fa8e9f3,90bd4466c2905d7b5b56370149e62bcc,4,,Recomendo este vendedor.,2016-10-22 00:00:00,2016-10-22 21:10:00
91f30fe56a84d369d913e7bf6d1d85a5,e9555dc20eba7e4e62210df1f438ea00,1,,"Eu realizei a compra de 4 unidades e só chegaram 2 unidades na minha residência, porém, no meu cartão foi cobrado o valor referente as 4 unidades, ninguém resolve o problema. NÃO RECOMENDO!
",2016-10-27 00:00:00,2016-11-05 23:44:06
8e4207488174b7e97ca5d69a2a429b8f,99d3df1714b20b9eb9734e731927379a,5,,"O pedido (como sempre acontece quando compro no stark) chegou antes do prazo final, produto bem embalado.
Gostei muito ",2016-10-20 00:00:00,2016-10-20 17:23:54
e02bff6f1a322faaf040a54b31c63358,d2945e686c883978378a10e49be7fb24,5,,,2016-10-19 00:00:00,2016-10-22 00:25:28
c8a84bd448f61ebddc630e33e30ed692,0ca768c507d1fc3c61bd950bb1c5231a,5,,"chegou antes do periodo combinado, produto otima qualidade",2016-11-08 00:00:00,2017-02-21 00:34:09
7ea6dae07c44247687052c51a3e58cb9,2631dba338efbcea9c3ace77ce210c01,5,,,2016-12-16 00:00:00,2016-12-19 08:37:43
325ae2c7d796de8bfa68e2c14aa4c15c,3d7e8f32f5b59e005ccfc1076b4040b5,5,,"Ótima compra, o produto chegou no prazo e em bom estado.",2016-10-25 00:00:00,2016-10-26 01:30:00
81a2e2003437307732495db92cd38332,27c7c6aa7b6f3de99d2a3a64674d296f,5,,,2016-10-19 00:00:00,2016-10-21 01:08:26
5d76a01a07627d6eab445af668ac3aef,67418605ab8f9414a2e238bbcdde1312,5,,"Muito TOP o produto. Lampadas de ótima qualidade, que iluminam muito bem e consomem quase nada.",2016-10-18 00:00:00,2016-12-26 15:24:14
6e5a3f92c612d553580c0d45429731d1,95e01270fcbae9863423400103359279,2,,Chegou no prazo estipulado. Porém veio faltando umas peças pequenas que dá o Acabamento. A cadeira o material percebo näo ser muito resistente.,2016-11-05 00:00:00,2016-11-08 08:22:49
9fe0f66724df77fd63fcc0c94a323978,3b697a20d9e427646d92567910af6d57,4,,Facilidade em manusear o aparelho.,2016-10-26 00:00:00,2016-10-30 21:32:15
7e0c87e8ff306146ef6dc005938cd146,552e0a8dae101e32155120202f427b71,1,,"Parceria péssima prazo para entrega com + de 2 meses, acabei cancelando o produto, felizmente me devolveram o produto.",2016-12-14 00:00:00,2016-12-14 15:30:14
85c08c1da6ade649c3e5547cadb2fa83,0c7fc95baa5e16992ed412ccea7f28b3,4,,"Recomendo. leve, versátil.",2016-10-26 00:00:00,2017-05-11 16:42:59
aa92c88736dc78513691bd54f4194728,d2292ff2201e74c5db154d1b7ae68cbb,5,,Gostei muito do produto ..de boa qualidade eu recomendo. .muito obrigada ao fornecedor e o aniversário shoptaime. .,2016-11-04 00:00:00,2016-11-07 22:10:45
6e8c6d988f06f7fde8005864914c4499,cac247cece621e1bc64748d44331d22d,5,,EXCELENTE EM TUDO. PARABÉNS! O PRODUTO FOI ENTREGUE ANTES DO PRAZO E DE CONFORMIDADE COM O PEDIDO.,2016-11-05 00:00:00,2016-11-07 11:50:28
7a2aee933c922e020937f52b77379331,a9fc3ae13c740ad46532fd50b61c69d5,5,,,2016-10-19 00:00:00,2016-10-19 20:38:50
335d5ecdd8c7cfc9f1aa14670861fabe,b1d88d1e4179448cac98b8d433e23316,5,,,2016-10-28 00:00:00,2016-10-31 11:32:57
d4be1b414b710c5622c4fd8176b4f031,83812118bb682267a9880ea1b261ac4b,4,,"Quase tudo perfeito..
Apesar de entregue no prazo, o prazo dado poderia ser mais curto.",2016-11-01 00:00:00,2016-11-03 06:21:50
4f7aec562b99678b6acb3749805bf3e8,deb08269080b64b8e69bcd06b808889a,5,,"Perfeita a entrega.
Comprarei mais vezes.",2016-10-19 00:00:00,2016-10-19 19:35:47
faeda271ac0422948a70e0dd3df69553,1aecadf4362edaca7fa033e882076c8d,2,,,2016-11-26 00:00:00,2016-11-28 17:37:44
211a898069d011f6808df2b210d9940c,1ff217aa612f6cd7c4255c9bfe931c8b,5,,,2016-10-26 00:00:00,2016-11-21 11:01:44
b977b767d10b380552343a815b19a490,3379d980824f0aa5dab057f2530759bb,5,,Excelente,2016-10-25 00:00:00,2016-10-26 00:31:56
08b5796a634d55da0d1a76ed9a400ec2,5f834cc4ee109c58dff88c60b8ba5ecf,5,,"Entrega em tempo hábil.
Recomendo.",2016-10-27 00:00:00,2016-10-27 19:30:05
ce0fdb50c06ad4826d17d19844361b8f,57c0b0276ce0eaf721a4424bf077ce8b,3,,"EU FIZ A COMPRA DE 3 CORTINA, RECEBI APENAS DUAS, O QUE ACONTECEU COM A TERCEIRA CORTINA?",2016-11-10 00:00:00,2016-11-16 20:16:14
f447e3685523d08cd22795cb21da2d44,356b492aba2d1a7da886e54e0b6212b7,5,,,2016-11-01 00:00:00,2016-11-01 20:00:28
73d5969cf1851ccdce3250fc24e857dc,aef214f769de82d355c5d2ab49e15891,5,,,2016-12-04 00:00:00,2016-12-07 13:18:44
72d9ace542c8f5d68d5985db26e2c249,3d58fd1ee438a43f2a826dda6b013519,5,,Recomendo sempre para todos. Foi tudo ótimo.,2016-10-26 00:00:00,2016-10-27 19:15:09
51dfec2468b97c6b91fc5e871bd88e9f,c78634fb21ecbb54b2b2498a660082ac,5,,,2016-10-27 00:00:00,2016-10-28 18:04:55
6a760d6d7c876b76f77353f24d9c14fa,88130f20a472f28fcca9dd5d50358820,5,,"O produto chegou antes do prazo de entrega,em ótimo estado.Estou muito satisfeita com a compra ",2016-10-19 00:00:00,2016-11-04 09:08:50
ee61f735caf6cd607feab01fba618cc0,376cc9a8f827d17966ea7c4b182f4426,5,,,2016-10-25 00:00:00,2016-10-26 14:45:40
a0ba97ce98f76cf57bb2c5530513be70,7033745709b7cf1bac7d2533663592de,3,,dentro do anunciado.,2016-10-25 00:00:00,2016-10-26 23:52:15
943bb65c3c5c4cd65b23c261ae7d8ad4,98beb6d036255a151fd6d5000ad66da8,5,,O produto chegou bem antes do prazo!!,2016-10-25 00:00:00,2016-10-26 16:15:59
98de2ed46bf9a8835089f29126a41a13,bcbc0973414b1dd97555e6f8e9713cfa,5,,"Todo conforme o planejado, amei os produtos superou a minha expectativa!",2016-10-26 00:00:00,2016-10-27 15:58:28
8f757e6ba841f6c409a4d968a9b29a74,c8258090bca7cc6a62c1e15d7fd995d4,5,,,2016-11-09 00:00:00,2016-11-15 23:42:46
9da6f73dde10ac7108db7686a03174c5,8b388d845a3e8700444b971fa2bef902,4,,Avaliação positiva,2016-11-09 00:00:00,2016-11-12 09:52:41
5a4f0fe15c7a914e40cabe9a06d81513,e04f1da1f48bf2bbffcf57b9824f76e1,1,,"Até agora não recebi o produto, e já foi descontado 2 prestações no meu cartão, estou esperando solução do stark para não tomar medidas mais drásticas.",2016-12-01 00:00:00,2016-12-03 11:24:52
00e927398b7a872a23c8990b38b7026a,021d08e4057e5b6414c8d2f69f4f72a0,1,,Comprei o produto chave canivete para Logan. Mas o produto que me enviaram foi a chave comum. Não vou solicitar a troca por o produto vai me atender. Mas faltou a atenção no ato de enviar o produto.,2016-10-31 00:00:00,2016-11-02 12:04:41
da520c13fbd4886bc0c1207df180106c,d3a84031db6c5de813d5a3a3489712ca,5,,,2016-10-18 00:00:00,2016-10-19 21:21:25
3b850443ee703ff8381534dc0349847d,ed83f6065ae47112c8cfbd22e231b6d8,1,,Atendimento péssimo. Vendem um produto que não possuem. Jamais voltarei a comprar nesse site. Nenhuma estrela. Só foi uma porque fui obrigado a marcar para enviar a resposta. Zero p stark.,2016-12-02 00:00:00,2016-12-06 14:47:09
c1644211f1fe90951c81499cbd08f7b3,ae0913baa54f18027667d8049c36fde2,1,,A barraca veio com falhas na costura. Dei uma estrela porque não envia se não der nenhuma,2016-11-01 00:00:00,2016-11-01 23:50:30
b6d4624478977868a24df510031a0a19,5bda3e4d7080c484cd646a53165a7892,5,,adorei o produto! otima qualidade !,2016-11-18 00:00:00,2016-11-20 11:23:13
743d98b1a4782f0646898fc915ef002a,e2144124f98f3bf46939bc5183104041,4,,,2016-10-15 00:00:00,2016-10-16 03:20:17
2c275b34017a0d8684ea1cc9a020c8a5,6ad644c08b98d152d28f183097633d41,5,,Bom produto ,2016-10-21 00:00:00,2016-10-30 12:49:59
80a44adebca41c95a1e55b3da6ac72a9,0891b66cbcc48cf64f31ae9cae3d08d8,4,,O produto chegou antes do prazo ! Muito satisfeito ,2016-10-28 00:00:00,2016-10-31 10:22:02
160850927a5f16f903dc83a05e0a5826,d3c8851a6651eeff2f73b0e011ac45d0,1,,,2016-12-11 00:00:00,2016-12-13 10:17:32
deab3ad3f78fd4ef275d9788978b92c9,4dd47e84e6b8ff4a63d0b8425e6d788e,1,,Em 2 meses de espera não recebi o produto. Dividi em duas vezes paguei as duas vezes e não recebi o produto. UMA VERGONHA! Estou indo no procon pois o baratheon não atende telefone. VERGONHA.,2016-11-27 00:00:00,2016-11-28 12:01:22
506f32953da5ad22161ae4995b5873d1,24523db64c1af3f40f27cb4416fa5ea6,5,,Entrega rápida,2016-10-20 00:00:00,2016-10-21 21:46:11
4efea8a9c1bc5e0598c5e9517773dd1c,50013835d7b14aefb452825864d3e414,5,,Chegou tudo direitinho e antes do prazo. ,2016-10-26 00:00:00,2016-10-27 02:11:55
d6057688274ddb3b9f7d9fcf7ec9b286,e439ced3d48f1a77f6ecc029cc946a6f,3,,"produto artesanal, eu mesmo deveria ter feito. nao era o mesmo da foto no site",2016-10-26 00:00:00,2016-10-31 13:13:56
13eff5faa3978a8ce971ae19a9747862,cfdc6f2061897ed3b3f1a9ac3437c6f9,3,,"Preço muito bom, porém o prazo de entrega é muito extenso. ",2016-11-30 00:00:00,2016-12-02 12:19:04
0a55a99c93ca3fa4119c5fed56081806,dd845e1cdb19f08d029a727adc9a5a77,1,,Ainda nao recebi o oculos,2016-12-08 00:00:00,2016-12-08 09:49:46
b19afce57c3a86afbe3327b68de2a13f,f9b03f7a6e5788ffb6cb6b4cd0d01892,4,,Bom produto. Boa empresa: entregou no prazo combinado e sem problemas. Compraria novamente.,2016-11-17 00:00:00,2016-11-21 09:28:42
ad0b21f9e9968657a6cfa590ec78eb23,5fe46d14177744ae2180101ce19bb414,5,,Produto de excelente qualidade. Entrega rápida. ,2016-11-02 00:00:00,2016-11-02 21:12:20
7386b68489e00081752ae75cf5007c48,cf47ad2fb60cae3f74b943646f685c94,5,,"Totalmente responsáveis, produto entregue, informação dada ao cliente, preocupação com o cliente. Recomendo.",2016-10-25 00:00:00,2016-10-28 08:46:42
2be38141c7e81db0001d2708980fe34e,7559c51df991c6861e6a8be5fb1e3751,3,,Muito bom... Empresa séria,2016-10-27 00:00:00,2016-10-27 21:26:22
41deaffcf6deae0e5bda248b70048469,3b2ca3293a7ce539ea2379d704fa37ce,5,,"O produto chegou no prazo e conforme,produto de ótima qualidade",2016-11-18 00:00:00,2016-11-21 11:01:11
419ad0bca36f52cf9b91262de3394564,bc0e0c28cbe995798d3afb7c7c75d269,5,,"Excelente compra, vendedor excelente, entrega dentro do prazo. Estou muito satisfeito e recomendo.",2016-10-18 00:00:00,2016-10-24 13:43:09
a71338154c9d26f71af841e078abcee1,dc5f6cd4492bbffe5bcda9b87856c9a5,4,,,2016-10-28 00:00:00,2017-01-08 15:09:32
5cc07956bd0c9fe0671cf44b866837ba,7ac6f4778cd283c6b76c66fe1e0d4431,4,,"Produto chegou como combinado em perfeitas condiçoes, recomendo.",2016-10-19 00:00:00,2016-10-20 09:43:06
c5075a206ee6306f4d08cf95670de225,34c718970b33419ed6d537a90366231b,1,,,2016-11-01 00:00:00,2016-11-16 14:54:08
4fb086c542bb7e4ec510a3463c1657b7,8c78d01de3a9009e23d6877a7cc9be20,3,,"Ainda faltam me entrega um produto ,quando chega eu avilo melhor .",2016-10-22 00:00:00,2016-10-22 20:04:45
b3f79b50cb871014e033dfd4c5d7952a,09dd83f72b2516179cd46b81121fad23,4,,"O Produto Chegou de acordo com a descrição e imagem , mas demorou muito Quase 2 Mês ",2016-11-29 00:00:00,2016-11-29 21:50:03
e146e108db2520d865889322dba96355,eb45ce36240dbf895bef98be0d1a85d3,1,,,2016-12-11 00:00:00,2016-12-12 17:10:54
37e997267cf911f765204bbd5fa7aed3,e90f9a57c17a06b37c5830a2ab1bd209,5,,"Excelente, entrega dentro prazo. ",2016-10-20 00:00:00,2016-10-21 10:44:44
a9d8d154b0906d8948d7256e59a4ede1,835bf4777ad72891587719f1098e3528,4,,"muito bom
",2016-10-25 00:00:00,2016-10-31 11:36:47
c2207b69c65711a326924e522ae08f9e,6ef172eee30cfbfa01516ce2eb2ee68f,5,,,2016-12-02 00:00:00,2017-03-02 22:32:26
2631f3521b15aa29f26bb954d19e2d6f,90aea7c4e52538a18cb9bbfd16f09185,5,,"demorou um pouco a postagem, mais foi entregue dentro do prazo.",2016-11-18 00:00:00,2016-11-21 16:30:19
bfe717904be6ed435223174b21d73178,96caf486ad384c707d860dbb4e519794,5,,,2016-10-21 00:00:00,2016-10-24 11:45:13
d6de9b9a11c919860b73e5b421d1ec46,d868cf92a5a1305fc7277c60062e81ac,4,,Recebi o produto na data programada. É fácil de montar e muito prático para pendurar roupas e sapatos. Só que aguenta uma quantidade pequena de roupas. ,2016-10-26 00:00:00,2016-10-28 21:42:42
cf179e2948d6c43b0258fe110368d8e5,1612081119e8f23745698ad3367cc14b,1,,"Nunca comprem pela targaryen, comprei uma pelúcia e nunca chegou, anunciaram e não tinha o produto em estoque, uma vergonha. Incompetentes!!",2016-11-19 00:00:00,2016-11-21 03:41:03
8abb8dd1b12844a0af1a09b7b270a00b,1c4cafd25254eee31c8c9b8c141fb10a,5,,,2016-10-28 00:00:00,2016-10-31 16:06:12
123ac38199a760bd830bac89986b5d0c,5b1376fe61863fe3508011db309e35fe,5,,,2016-10-18 00:00:00,2016-10-19 11:53:10
534eb825c1ac66ec8fe5e7a7e0cc6e01,7fd4b0e047195ca197c3660772a8d8c0,1,,A loja me avisou quase no final do prazo que o produt comprado não estava disponível e não seria entregue.,2016-11-20 00:00:00,2016-11-30 17:23:18
1b5ff500ef25043744753d7916419c64,d263c89354a73314488491185858af42,5,,"Produto muito, só um contra versia que o aparelho é muito pequeno mas de resto ele é muito bom",2016-10-20 00:00:00,2016-10-20 21:33:16
061418b58ab495c8cc9e7f4fa1b46110,5a7ae4ca802c14fdff19558a4fee8727,5,,Tive dificuldades de manusear o produto mas fui bem orientada pela assistência técnica da HP.,2016-12-10 00:00:00,2016-12-10 10:07:58
69ac6a27fde9855ebeaaecac0f78058b,809a282bbd5dbcabb6f2f724fca862ec,1,,MEU PEDIDO NÃO FOI ENTREGUE E NÃO FOI DADA NENHUMA SATISTAÇÃO,2016-10-02 00:00:00,2016-10-26 12:31:00
87159a093663b2a1bb847dbb84879c41,b19169c7cb8391fb8561e094d61c531a,5,,"Excelente produto.
Vendedor nota 1000",2016-10-29 00:00:00,2016-10-31 20:00:13
85e45333f39f7676d0aa5caa21f8cf68,86df4a2f1f5cd47ee3f5bf1781240d1a,5,,,2016-10-27 00:00:00,2016-10-27 17:20:31
d10c67a24f4506d9aed50cb4cf9d7953,c4e980a1d822db426982878b3cfdda6e,1,,"Jamais imaginei ter que esperar mais de 60 dias por um produto, pagar por esse produto é o mesmo não chegar.",2016-12-14 00:00:00,2016-12-14 10:19:23
e9278ca2b4139c45f741e9679b5ed837,a8c3f65a43b2e956cbfca10db4300853,5,,,2016-10-21 00:00:00,2016-10-22 00:04:48
845e2bc6ae8e8a91c1c84cf2aaee9880,711b9be9c346d9ecdb9d38a5e1e7e39b,1,,O controle está com problemas e fiz a devolução do mesmo e estou sem reposta a duas semanas ,2016-11-26 00:00:00,2016-11-28 13:43:00
28112c56c882286e0b235173e84c5370,dabf2b0e35b423f94618bf965fcb7514,5,,Compraria novamente pq cumprem com o prazo de entrega e os produtos vem super embalados ,2016-10-19 00:00:00,2016-10-19 20:43:13
141e625514063d7a6df6b1254f735c0c,59fa27082bb77c5dbd8a6568f3b34380,4,,"gostei do preço, e um produto com selo do Inmetro pra criança 1 á 4 anos. ",2016-11-02 00:00:00,2016-11-03 16:26:46
94f34833d5c8f291cf0dfecd1ebff791,620b0acb9258b51defbc51804c5298d5,1,,"NÃO ENVIARAM O PRODUTO E NINGUÉM ME DEU JUSTIFICATIVA, NEM PREVISÃO E NO SITE DO stark ESTAVA CONSTANDO COMO ENVIADO. HOUVE FALHA DO stark NISSO",2016-12-09 00:00:00,2016-12-09 14:18:38
911489d0bc7092faa2e845b5300acde7,5cc475c7c03290048eb2e742cd64cb5e,1,,"Comprei um toner samsung, paguei em 04/10/2016 e até hoje não recebi.",2016-11-27 00:00:00,2016-11-29 21:57:20
0e78e53b34bbdb054bc13e8c1a4bfc77,dbbbc904081f8e928028432e2e3d7686,1,,"Comprei o produto e depois de 45 dias, a loja americana enviou e-mail dizendo: Devido a uma divergência no sistema de controle de estoque do parceiro , não será possível efetuar a entrega do produto",2016-12-16 00:00:00,2016-12-16 10:41:22
6a6d47eaea5802fde29dad23aca026b0,3c3ca08854ca922fe8e9cedfd6841c8a,1,,a empresa deixou disponível a venda como se tivesse em estoque depois de 25 dias me falaram que não tinha a camisa.,2016-12-02 00:00:00,2017-08-09 20:38:05
6f97d8b5afaf78f8658cfc0634840b40,cbbb524a0e1646aa6cf7a3c0bbe517ad,1,,"produto entregue diferente do que foi comprado,não recomendo o vendedor.",2016-10-21 00:00:00,2016-10-22 10:10:28
b399a4b417fc794a814ef957423bd67a,a68ce1686d536ca72bd2dadc4b8671e5,1,,Comprei o produto dia 06/10/2016 hj é 15/12/2016 SENDO QUE ERA 38 DIAS DE ENTREGA JÁ FAZEM MAIS DE 60 DIAS E NADA NÃO RECEBI O PRODUTO NÃO CONSIGO LIGAÇÃO PRAS AS lannister SÓ DA OCUPADO ,2016-12-07 00:00:00,2016-12-15 19:57:06
cef1ee03ded4d6272894a2eead6e1328,2e7a8482f6fb09756ca50c10d7bfc047,1,,1 mes de atraso na entrega !!! ultima compra q faço,2016-10-22 00:00:00,2016-11-15 16:00:34
4ebc298a393e45e9622da046dc3e43c7,0ec61157a488963fe217233f74c52760,4,,,2016-11-01 00:00:00,2016-11-07 15:02:44
f62a205db78c3eb12f2c94315e1a0dc6,f781dacd75aa73166785a35929546894,5,,otimo,2016-11-09 00:00:00,2016-11-10 15:57:56
87159a093663b2a1bb847dbb84879c41,c4f710df20f7d1500da1aef81a993f65,5,,"Excelente produto.
Vendedor nota 1000",2016-10-29 00:00:00,2016-10-31 20:00:13
921049da2de940d19c9948ea7eee6155,edb2a55c055efbb898171ec9fd840ab9,1,,"Usei o secador uma vez só , na segunda o fio da tomada pegou fogo.",2016-11-30 00:00:00,2016-12-06 11:18:25
6808a89093907ba64d560347e1bf94cc,c4b41c36dd589e901f6879f25a74ec1d,5,,,2016-11-10 00:00:00,2016-11-12 23:49:36
a917ba27181f6c34aafeefdaaa0e1bd8,0e556f5eafbf3eb399290101b183b10e,2,,Veio uma corrente repetida ,2016-10-25 00:00:00,2016-11-01 22:36:40
153ef790db4a65fb8acb9f66e7f32299,6b3ee7697a02619a0ace2b3f0aa46bde,1,,"comprei paguei o frete, e tive que buscar no correio, como posso esta satisfeito, e pior abri uma reclamação e estou até hoje esperando uma resposta do MarketPlace.",2016-11-26 00:00:00,2016-11-26 11:27:33
444d04d7ca0131b3b40619f81d0facd5,d207cc272675637bfed0062edffd0818,1,,"Boa tarde o produto veio correto, porem a entrega é pessima precisei buscar em outra cidade.
Acho absurdo se comprei pele internet e paguei o frete nao entendi porque nao entregar em minha residencia",2016-11-01 00:00:00,2016-11-02 16:52:00
fc99ee7ba987afb31151c127989ed8af,ab8e5f9b860cd703f5f647200c2c7b58,4,,"O produto é bom, atendeu às minhas expectativas, contudo o prazo de entrega deixa a desejar. Foram cerca de 25 dias após a compra. Dentro do prazo de 38 dias, achei demais a espera.",2016-11-01 00:00:00,2016-11-05 21:22:43
3dfd7987a8ae6f4106543b474587034c,cb2b577a4ebd84bf84ff3990084d490f,4,,,2016-11-01 00:00:00,2016-11-02 23:08:57
6824079f792ddaa9399c4fcb34c6c69a,119d2d80c921d5b4806a1b19b4e8c531,4,,,2016-10-20 00:00:00,2016-10-20 23:57:05
ffcf259643ebd47312c8a774e3392aec,c3d9e402b6a0fbe2a5f7fc5b41117c38,5,,,2016-11-08 00:00:00,2016-11-09 14:05:17
61fcfc9aad23649e8a5b653d539a2d19,45ec58d30f2023e4dac16d956a657ddd,1,,deveria informar o tamanho e também apaga quando coloca ela no bafo portanto não recomendo o vendedor,2016-10-27 00:00:00,2016-11-03 12:02:36
a450b65b40eef4bd63aed18e935770b6,7e2dddf174cc4d2768bf39c43ab2bd7a,1,,Meu produto veio com defeitoem uma das peças . Não tem como montar e não estou conseguindo a devolução.,2016-11-11 00:00:00,2016-11-12 09:59:18
4f0f66126c962e92d1e99fe5d84a772a,fd4b04818375a4ba579a80c8d37f1b24,5,,,2016-10-19 00:00:00,2016-10-19 23:30:43
fe431acef2f3b418c8ca197bc862104c,19feb5627c41ea1b36a8e50a469b3644,5,,,2016-10-22 00:00:00,2016-10-25 12:53:32
47810286e081f2855bfb0cc41447e4ad,4eca6c2d172953276c75dd0e1bedce25,5,,"Foi entregue antes do previsto, gerando ainda mais a minha satisfação.
Não tive problema ou dano algum com a entrega.

Recomendo! ",2016-10-20 00:00:00,2016-10-21 12:02:00
e8162c435cc934213c57c53816811940,7d0eb8de17d494f4151e4470cd1b0605,4,,,2016-10-18 00:00:00,2016-12-07 02:59:50
34bf3d03f9cbfadb1027ad3fa986931e,b3aa45b7ba0f950a1b163a9f85f613de,4,,,2016-10-20 00:00:00,2016-10-31 15:24:04
135e5d955a1420b964a8b9a5e6ddd881,063b573b88fc80e516aba87df524f809,1,,Não chego meu pedido,2016-12-03 00:00:00,2016-12-04 03:06:12
22b25d1dc589a91876a6052e73043462,46046adea0e222a29259bad3d922fee8,5,,ok,2016-10-27 00:00:00,2016-10-28 18:01:55
92ed9bea12e43363333b56c9e331a9ae,05c7d88e9c05e1fa1428f1ff2dcc29da,5,,,2016-11-04 00:00:00,2016-11-04 13:27:16
71ef07e5f0edbfcbe1be6b43e6f6e712,ae8a60e4b03c5a4ba9ca0672c164b181,5,,"muito bom chegou antes do prazo, super recomento.",2016-11-04 00:00:00,2017-01-30 17:17:50
560630b759bebc99ef9b0a77d15a5067,b330d4bdde86ff11a726ee57dd2a7d75,4,,"Entrega rápida, bem embalado,produto muito bom,só achei que fosse um pouquinho maior, mas é lindo mesmo assim",2016-10-18 00:00:00,2016-10-19 00:49:06
14ebbf02445a7002f16ac37eec124a6a,14b01335f19b97fce1437168032ae388,2,,"faltou a almofada cocozinho, na nota consta o produto, mas o produto NÃO foi entregue",2016-10-22 00:00:00,2016-10-22 09:25:13
9566238008197f539da881e32ba160dc,1f66f9bfd244a5383aeb00a84ad12a66,1,,"Não recebi nenhum respáudo da targaryen a cerca do produto, apenas a stark me informou sobre o mesmo. Não sei como será a questão do meu cartão e o estorno do valor. ",2016-12-10 00:00:00,2016-12-10 15:04:35
e65e7ca9a4a1853e3905866e02e7e702,555761ab2426364f42e9e018047df4e0,5,,,2016-11-01 00:00:00,2016-11-02 14:05:00
0d10871e728d2c7034d8396a6fc65ed3,f31853a4f30d4851c847e4494663e749,2,,,2016-10-25 00:00:00,2016-10-26 11:34:06
c6b4a4cae9b07536c1c9cc6ec57b8371,7a36fa82d4bcff7d936c10be470b9c8e,5,,"Produto bom, prático e fácil manuseio . Recomendo a todos a comprarem. ",2016-10-20 00:00:00,2016-10-21 00:45:28
0fa10d41c6cf521b26329abcee0e776b,31b0dd6152d2e471443debf037ae171d,5,,,2016-10-20 00:00:00,2017-05-22 16:38:09
5772931f010034c3a18f55e6cde76a28,2d9e3c3c7f0f3ba8a8fa3db2f1211ceb,5,,"A princípio fiquei preocupado com o longo prazo de entrega em dias úteis, porém ele chegou um pouco antes.",2016-11-08 00:00:00,2016-11-11 19:13:58
d565a7363d2e9836a02775db90e54f3d,5cd498954e2b37d71b315166809b4bd7,1,,"Estou aguardando o restante da entrega, comprei e paguei 3 perfumes blackcaviar feminino e recebi 1 perfume, preciso de um retorno da empresa para recuperar o prejuízo .",2016-10-27 00:00:00,2016-10-27 10:41:59
28cd00f4956ea3486b933f2ce623ced0,08edff712f0cd04883215bdb5b0d7c7f,5,,Entregue antes do prazo...,2016-10-26 00:00:00,2016-10-26 21:17:24
8775f243d6ef066004334ad8e8e26896,fbbc9a4fa88f1ccd651790df665b3e57,4,,É um pouco difícil de mexer pois é inglês o papel de explicação e não é original também demora muito esquentar ,2016-10-29 00:00:00,2016-11-01 08:45:27
9b5e1f71deb23a691a6fed9be65eb7b8,45bff70fb7b99a5a33bc8ccb3786e170,5,,,2016-10-25 00:00:00,2016-10-28 19:23:10
4062b881e2dd16a2ea180333dcfbe5ca,8213bc96304fc0881189c4525f3002f7,5,,,2016-10-20 00:00:00,2016-10-21 15:58:28
fd6a7fcd3fb862a384c472e2470a46a3,60762802b48bb6d256d55b013d115013,5,,"excelente vendedor , recomendo ",2016-11-01 00:00:00,2016-11-04 11:19:28
eda1c642a265c4fc22d278ebcf26140e,c46b48abd599551232324a6e9077bf19,5,,Produto entregue antes do prazo. ..,2016-10-22 00:00:00,2016-10-22 20:08:16
30438651b2a9f883ff03c86129aed070,1970f2fb4b83ff962a75b064abc37f4c,5,,,2016-10-29 00:00:00,2016-10-31 11:33:50
2c9eac63112b72ae2dd2102b056bf942,e2eaf909eb6ba881117aa407992a5ffb,1,,sem comentario,2016-11-15 00:00:00,2016-11-16 16:43:47
7b6cf1c09041a79e596a1f1793790c13,f69ae31bce06a78d626762b53067c7e0,1,,Gostaria de receber meu produto,2016-12-04 00:00:00,2016-12-06 16:45:35
ffb4dabe331c9305796df591c5c3d04c,c98b0fbac2717f072d5089e8af088304,5,,"Já sou cliente do stark há vários anos e, por esta razão, tenho o cartão stark e sou atendida com presteza e correção, inclusive no cuidado com a embalagem. Super recomendo.",2016-12-02 00:00:00,2016-12-02 09:45:29
b5f4bca1dd2976aeb590dfe5d52c06f7,18dad78c0f87f4c45ef196daeaa3ffbb,5,,Tudo dentro do combinado,2016-10-18 00:00:00,2016-10-18 18:07:44
aab1fb025099af36b2d7555747ff10bf,4421f094ff828b78aba6d18db005821d,5,,"Produto chegou antes do prazo, de boa qualidade, e essa é uma loja que eu recomendaria aos amigos. E tenho certeza que muitas outras compras virão, não só pelo bom atendimento, como pela facilidade.OK",2016-11-02 00:00:00,2016-11-08 11:35:53
5c0e0341b2115336ec6b975f5c8abfe8,d1eb8e4e276a4eea13a5c462c0765e60,5,,Recomendo ,2016-10-20 00:00:00,2016-10-21 01:13:00
54b8a270796ea170b5d7af617c61859c,9bd5312d12f48b04a460f702baff3d8c,1,,"O Pedido e pagamento foram efetuados dia 06/10/2016,com entrega em 26 dias,dia 09/11/2016(33 dias após a compra)recebo um Email cancelando por falta no estoque,Um absurdo vender e não ter para entrega",2016-11-18 00:00:00,2016-11-19 18:32:36
50c851bd79dc0b19f3d9c523ca747df8,54bb06e1ca86bd99ee2a8d6288bf4ede,1,,"Produto não entregue, demoraram mais de um mês para me comunicar que não havia mais em estoque e que fariam o estorno no cartão de crédito. Frete muito caro.",2016-12-14 00:00:00,2016-12-16 09:34:47
f266639fce13f7907e557a7be131277f,323dad8c483c7f8b818a825d257f4aa0,5,,,2016-10-19 00:00:00,2017-04-11 22:05:15
db848ccc3e7f893c8eb4a04a861a0ac4,ed8c7b1b3eb256c70ce0c74231e1da88,1,,o Escorredor nao e de INOX esta enferrujando ,2016-11-19 00:00:00,2017-04-27 21:52:21
429856d721b6d33c24c79f7c319c177d,2e8e21db96a8ab922e51cd297678c6b2,3,,O único problema foi que um dos potes veio com o vidro riscado. Como se tivessem esfregado algo. Acho que deveria ser melhor embalado para transporte. Mas tirando isso ok. Obrigada. ,2016-10-29 00:00:00,2016-10-30 12:13:33
7d7a40160ccc9676b82f8f5bc35ba293,03ffce741877a000ca0fb3520673d4c4,5,,"Chegou bem antes do prazo, estou super feliz!",2016-10-26 00:00:00,2016-10-26 12:50:15
75f6ff69ce8b427b7b3d6a5e643eb2f3,50f357099566f1be7abfaf8d9dc5b004,5,,,2016-10-22 00:00:00,2016-10-25 00:44:30
7c550b9bf9cd966aaf4d713682fe63da,9315757eaf0e782619bed131508dbddb,1,,"O produto veio com as peças trocadas e não consegui montar. 
Quero providências !",2016-11-08 00:00:00,2016-11-15 19:55:20
3da21443e782f216e4ec61b84c8f5b69,ce9840efc17fbec501472f7c784be1bf,4,,,2016-10-25 00:00:00,2017-01-08 03:25:35
192bead3e18d277bd91a840df47155cd,38c5c2886f2aab75bb1ae3f79a3f300d,5,,Vendedor muito bom. Recomendo. Nota 10.,2016-10-27 00:00:00,2016-10-27 17:42:46
e04c5b55d009fa34754fe9d38c76d181,92b44b87f1f7670b8911c5f0e642435e,5,,,2016-10-22 00:00:00,2016-10-24 19:24:58
815e1b04599377590d462178d524b69a,b2f92b2f7047cd8b35580d629d7b3bfb,1,,"Comprei uma Escova na cor DOURADA e mandaram na cor rosa, e ainda colocaram a caixa da escova dentro de outra caixa da Marca Laka toda rasgada, um descaso com o consumidor.",2016-11-18 00:00:00,2016-11-28 12:30:30
499bbf4c80a2bfb703f60df742c3cb92,509a52223ecac6d67fb765b3b37c6974,5,,"Recebi o produto no prazo, em perfeitas condições. ",2016-10-27 00:00:00,2016-10-28 17:46:59
715d3f3f7ef4c0d9dc0e8fc2b7d64d3c,a909c24a30d5a05204ecb7ef3f11e321,5,,"Com relação à compra e entrega, só tenho a elogiar.
Muito obrigada!",2016-10-26 00:00:00,2016-10-26 21:56:49
b28309e8253951a954123e039d3242f7,8beb59392e21af5eb9547ae1a9938d06,1,,Produto não foi entregue. Não foi enviada nota fiscal. Telefone para reclamação não funciona.,2016-10-20 00:00:00,2016-10-24 17:18:09
9249dbcae1db6ede3dcbe41e17e54967,2fbb05b3ee700e1897b9fa501e416005,5,,Produto entregue dentro do prazo . Gostei muito.,2016-10-26 00:00:00,2016-10-27 12:55:27
fc1254241df5c4bf3daf18a4dcc64d31,1dd1d53c1ea5df0ef093bf150807315f,4,,O produto foi entregue no prazo. Estou satisfeito com a entrega. ,2016-11-01 00:00:00,2016-11-05 19:59:17
a0770c7851c2e39d59b2a378164979a0,6ece326e25f193d084e3dc092bbdd93b,4,,eu vejo como positivo esse vendedor bom produto e entrga no tempo combinado por este motivo simplesmente recomendo,2016-10-27 00:00:00,2016-10-27 23:57:32
022b209ce091ff053289d95aa42735ce,59f26737bbeea8142a7e982cfce13e7a,5,,"Excelente eficácia na venda. O produto chegou em segurança, bem protegido e muito antes do prazo de entrega.",2016-12-16 00:00:00,2016-12-16 11:07:22
d4923511144d2fb7fc83653505284e24,2276cb38c742033aac3f4a4d67b57ab3,5,,Indico.. chegou td certinho!,2016-11-01 00:00:00,2016-11-01 23:48:56
3081ca9987017fedd2f57e554aed8fd4,5f4c8250b9e6ee47971e0b19da4aa0f2,3,,Entregaram antes do prazo. Estou satisfeita com a loja.,2016-11-19 00:00:00,2016-11-20 08:20:51
56a697a6c18ae87216ae4db18b32577b,35d3a51724a47ef1d0b89911e39cc4ff,5,,Excelente!Fui atendida antes do prazo estipulado e pude acompanhar pela internet por onde estava o produto e recebi embalado em perfeito estado.,2016-10-27 00:00:00,2016-10-28 12:04:18
a9815ff889a8e9c67023e892f642edf5,b7026ba7432929d99880463305b8ce98,1,,nunca fiz uma compra pra receber com tanta demora,2016-11-11 00:00:00,2016-11-14 18:00:30
e9651b370d483da0e3997896680ac286,95d31d53ccc53bca2c13fcd535d67526,5,,Veio antes do prazo que era de 38 dias veio em 7 dias e eu to amando ,2016-10-18 00:00:00,2016-10-21 05:00:10
c4f839d01cffa0ee89d827f28c0c2fae,719628a909505f12f342015fd53a8d43,5,,,2016-10-19 00:00:00,2016-10-20 11:56:57
faf9ce3802b882a10bcd548f421ea9ff,5204d67853f827d1ee32810bf8f2d6c2,5,,"O produto chegou beeeeemmmm antes do prazo combinado.
Muito bom, estou super satisfeita!!!",2016-10-18 00:00:00,2016-10-19 19:15:49
46e746815b9560ce0b1df90666dca37e,62246c16a32a0866943f17d7b42db940,1,,"O frete é caro e ainda se quiser tem q buscar no correio.Muito ruim.Ainda quer elogios,odiei.",2016-11-01 00:00:00,2016-11-03 23:19:32
b730a8019be04fb7e7ecebfccb98aeb9,ac00d3859c095d282f6bef69e0ed1b38,5,,Chegou antes do prazo e em perfeitas condições.,2016-10-25 00:00:00,2016-10-26 00:12:55
19d4d3598ce092f36a955b72a90597d1,d3f7c0e804b501782903f7af749eb797,5,,,2016-10-19 00:00:00,2016-10-20 17:09:08
1b8f5d1e38be4d33686056a434b0fa65,6eb51c1c9c69f78ea9fd4665fb98b7d2,4,,,2016-10-20 00:00:00,2016-10-23 01:25:24
1e90e853bc88ad9caca6311a2e497399,0a0837a5eee9e7a9ce2b1fa831944d27,5,,,2016-10-25 00:00:00,2016-10-25 15:58:47
3ec60dec755e23c788b026be90faa337,fb5114c39f632a52598cf770c6076620,1,,"Comprei uma capa para um tablet e a que foi entregue não foi a que escolhi no site da lannister.
Não emitiram a nota fiscal do produto.
Nunca mais compro nada desses parceiros da lannister.",2016-10-20 00:00:00,2016-10-20 22:37:13
a87c19be40ccbb6551217e26332a1bbc,123e27a1a4d0b2481d8618ac3dff7d4e,1,,Fiquei extremamente desapontada. Comprei 2 bonecos pelo site e duas semanas depois a compra cancelada por falta do produto. Perdi a oportunidade de comprar em outra loja e o produto se esgotou.,2016-11-20 00:00:00,2016-11-20 11:35:00
b5db92e4cce815ba464fb5fe3733cde8,76458889992169d3135b264dc13aec67,5,,,2016-10-22 00:00:00,2016-10-25 11:53:07
1d05fc92b63e46f67761f2a33053fb64,b533dea24ada4dc5c1a9041d25d7c812,5,,"Abriram, sumiram com a nota, mas não era droga! Veio em caixa de Maggi. ",2016-10-29 00:00:00,2016-10-31 21:53:36
179eb58d89cacb452762401af33c7a42,c549f0d88f33bfe43351b893f1fb55ac,1,,Depois de mais de 30 dias da compra efetuada recebo um e-mail informando que o produto que comprei não estava mais disponível. Simplesmente um descaso com o consumidor e um atendimento lamentável.,2016-11-18 00:00:00,2016-11-22 10:04:59
f640f6b13aa48409963e67e2f5381e7c,02a0eb7c22b0616c767a45954a2a28f6,5,,,2016-12-14 00:00:00,2016-12-14 03:46:43
984ab9fb9c9785407beb46bc068974e2,2825848807f070485f0f0ef3829758f4,5,,"Entrega antes do prazo, adorei meu produto,perfeito..",2016-10-19 00:00:00,2016-10-20 01:46:12
b8b1e3d3475e57893affe9798daad68d,d743f434cc2921729af830ce00d474b3,3,,"É bem bonita e bem acabada mais pena q veio a almofadinha d uma cor e a casinha de outra 😢
Por esse motivo nao vou enche de estrelas 😭",2016-10-25 00:00:00,2016-10-28 00:50:19
dc62f1e20d7f280e54066b6a92841086,be5bc2f0da14d8071e2d45451ad119d9,4,,Tudo certo...,2016-10-28 00:00:00,2016-10-29 11:29:53
e1bc9e2f33c3fa1cb40845c285f0c02b,dd359d3c294458c6d642b2eea9212bf5,2,,"Já comprei várias vezes no site ""lannister"";mas
desta última vez,fiz uma compra de um TONER no
04.10.16 e só prometeram p/ 25.11.16 e ainda não
recebi o produto.",2016-11-27 00:00:00,2016-11-29 14:19:59
2ba0e39ea1f450e280e1dd700eb248e3,3f72d2b757e725cd48a4726f831c7789,3,,,2016-10-26 00:00:00,2016-10-27 23:05:25
